{
    "rmse": 0.8039745769831851,
    "mae": 0.661692718992667,
    "r2": 0.03884740455718749
}